{"cameraMode":{"drawMode":0,"name":"Shaded","section":"Shading Mode"},"sceneLighting":true,"audioPlay":false,"sceneViewState":{"m_AlwaysRefresh":false,"showFog":true,"showSkybox":true,"showFlares":true,"showImageEffects":true,"showParticleSystems":true,"showVisualEffectGraphs":true,"m_FxEnabled":true},"in2DMode":false,"pivot":{"x":115.32164764404297,"y":22.66985321044922,"z":174.14015197753907},"rotation":{"x":-0.03158688172698021,"y":0.7414268851280212,"z":-0.035331860184669498,"w":-0.6697626113891602},"size":25.721569061279298,"orthographic":true}